{
"8837": "Monday December 16th at 8:00am - 10:30am",
"8827": "Monday December 16th at 8:00am - 10:30am",
"8828": "Saturday December 14th at 8:00am - 10:30am",
"8829": "Thursday December 12th at 8:00am - 10:30am",
"8830": "Friday December 12th at 11:00am - 1:30am",
"8831": "Wednesday December 11th at 8:00am - 10:30am",
"8832": "Thursday December 12th at 11:00am - 1:30am",
"8833": "Friday December 12th at 2:00pm - 4:30pm",
"8823": "Friday December 12th at 11:00am - 1:30am",
"8834": "Wednesday December 11th at 2:00pm - 4:30pm",
"9259": "Saturday December 14th at 8:00am - 10:30am",
"8824": "Thursday December 12th at 8:00am - 10:30am",
"9258": "Thursday December 12th at 2:00pm - 4:30pm",
"8825": "Friday December 12th at 2:00pm - 4:30pm",
"8835": "Friday December 12th at 8:00am - 10:30am",
"8826": "Wednesday December 11th at 8:00am - 10:30am",
"8838": "Saturday December 14th at 5:00pm - 7:30pm",
"8839": "Thursday December 12th at 2:00pm - 4:30pm",
"8840": "Wednesday December 11th at 5:00pm - 7:30pm",
"8841": "Saturday December 14th at 2:00pm - 4:30pm",
"9180": "Saturday December 14th at 5:00pm - 7:30pm",
"8070": "Wednesday December 11th at 8:00am - 10:30am",
"8071": "Wednesday December 11th at 11:00am - 1:30am",
"8072": "Friday December 12th at 11:00am - 1:30am",
"8073": "Wednesday December 11th at 11:00am - 1:30am",
"8074": "Thursday December 12th at 11:00am - 1:30am",
"8075": "Monday December 16th at 2:00pm - 4:30pm",
"9178": "Thursday December 12th at 8:00am - 10:30am",
"9114": "Wednesday December 11th at 8:00am - 10:30am",
"8077": "Friday December 12th at 8:00am - 10:30am",
"8078": "Friday December 12th at 5:00pm - 7:30pm",
"8080": "Friday December 12th at 8:00am - 10:30am",
"9132": "Thursday December 12th at 8:00am - 10:30am",
"9179": "Friday December 12th at 5:00pm - 7:30pm",
"9149": "Friday December 12th at 2:00pm - 4:30pm",
"9319": "NA",
"8855": "Friday December 12th at 11:00am - 1:30am",
"8856": "Thursday December 12th at 2:00pm - 4:30pm",
"8858": "Monday December 16th at 2:00pm - 4:30pm",
"8859": "Wednesday December 11th at 2:00pm - 4:30pm",
"8861": "Thursday December 12th at 8:00am - 10:30am",
"8862": "Thursday December 12th at 2:00pm - 4:30pm",
"8863": "Friday December 12th at 11:00am - 1:30am",
"8951": "Wednesday December 11th at 8:00am - 10:30am",
"8952": "Wednesday December 11th at 2:00pm - 4:30pm",
"8953": "Friday December 12th at 2:00pm - 4:30pm",
"9193": "NA",
"9192": "NA",
"9300": "NA",
"8800": "Wednesday December 11th at 8:00am - 10:30am",
"8801": "Friday December 12th at 2:00pm - 4:30pm",
"8802": "Friday December 12th at 2:00pm - 4:30pm",
"8261": "Thursday December 12th at 5:00pm - 7:30pm",
"8262": "Thursday December 12th at 11:00am - 1:30am",
"8263": "Saturday December 14th at 5:00pm - 7:30pm",
"8264": "Wednesday December 11th at 5:00pm - 7:30pm",
"8265": "Saturday December 14th at 2:00pm - 4:30pm",
"8266": "Thursday December 12th at 5:00pm - 7:30pm",
"8267": "Saturday December 14th at 11:00am - 1:30am",
"8268": "Thursday December 12th at 5:00pm - 7:30pm",
"8269": "Saturday December 14th at 11:00am - 1:30am",
"8215": "Wednesday December 11th at 5:00pm - 7:30pm",
"8270": "Wednesday December 11th at 2:00pm - 4:30pm",
"8216": "Thursday December 12th at 8:00am - 10:30am",
"8217": "Thursday December 12th at 11:00am - 1:30am",
"8218": "Wednesday December 11th at 2:00pm - 4:30pm",
"8219": "Friday December 12th at 2:00pm - 4:30pm",
"8220": "Wednesday December 11th at 5:00pm - 7:30pm",
"8221": "Thursday December 12th at 5:00pm - 7:30pm",
"8222": "Monday December 16th at 11:00am - 1:30am",
"8223": "Wednesday December 11th at 5:00pm - 7:30pm",
"8224": "Thursday December 12th at 5:00pm - 7:30pm",
"8225": "Friday December 12th at 2:00pm - 4:30pm",
"8271": "Monday December 16th at 11:00am - 1:30am",
"8272": "Friday December 12th at 8:00am - 10:30am",
"8273": "Thursday December 12th at 8:00am - 10:30am",
"8274": "Friday December 12th at 11:00am - 1:30am",
"8275": "Saturday December 14th at 8:00am - 10:30am",
"8276": "Friday December 12th at 2:00pm - 4:30pm",
"8277": "Friday December 12th at 11:00am - 1:30am",
"8278": "Friday December 12th at 11:00am - 1:30am",
"8690": "Saturday December 14th at 8:00am - 10:30am",
"8691": "Wednesday December 11th at 11:00am - 1:30am",
"8692": "Wednesday December 11th at 11:00am - 1:30am",
"8693": "Friday December 12th at 11:00am - 1:30am",
"8694": "Friday December 12th at 11:00am - 1:30am",
"8695": "Friday December 12th at 11:00am - 1:30am",
"8696": "Friday December 12th at 11:00am - 1:30am",
"8697": "Monday December 16th at 11:00am - 1:30am",
"8226": "Friday December 12th at 8:00am - 10:30am",
"8227": "Friday December 12th at 11:00am - 1:30am",
"8228": "Thursday December 12th at 5:00pm - 7:30pm",
"8229": "Monday December 16th at 11:00am - 1:30am",
"8230": "Thursday December 12th at 5:00pm - 7:30pm",
"8232": "Friday December 12th at 2:00pm - 4:30pm",
"8233": "Friday December 12th at 11:00am - 1:30am",
"8234": "Friday December 12th at 8:00am - 10:30am",
"8235": "Monday December 16th at 11:00am - 1:30am",
"8236": "Friday December 12th at 2:00pm - 4:30pm",
"8237": "Friday December 12th at 11:00am - 1:30am",
"8238": "Thursday December 12th at 2:00pm - 4:30pm",
"8239": "Friday December 12th at 8:00am - 10:30am",
"8240": "Thursday December 12th at 8:00am - 10:30am",
"8241": "Wednesday December 11th at 5:00pm - 7:30pm",
"8242": "Thursday December 12th at 5:00pm - 7:30pm",
"8243": "Friday December 12th at 2:00pm - 4:30pm",
"8700": "Wednesday December 11th at 2:00pm - 4:30pm",
"8245": "Friday December 12th at 2:00pm - 4:30pm",
"8730": "Wednesday December 11th at 8:00am - 10:30am",
"8731": "Wednesday December 11th at 8:00am - 10:30am",
"8246": "Thursday December 12th at 11:00am - 1:30am",
"8247": "Monday December 16th at 2:00pm - 4:30pm",
"8248": "Wednesday December 11th at 11:00am - 1:30am",
"8249": "Wednesday December 11th at 8:00am - 10:30am",
"8250": "Wednesday December 11th at 11:00am - 1:30am",
"8727": "Saturday December 14th at 8:00am - 10:30am",
"8733": "Thursday December 12th at 8:00am - 10:30am",
"8251": "Saturday December 14th at 8:00am - 10:30am",
"8734": "Thursday December 12th at 8:00am - 10:30am",
"8735": "Friday December 12th at 11:00am - 1:30am",
"8252": "Thursday December 12th at 2:00pm - 4:30pm",
"8253": "Thursday December 12th at 8:00am - 10:30am",
"8255": "Thursday December 12th at 5:00pm - 7:30pm",
"8256": "Friday December 12th at 2:00pm - 4:30pm",
"8973": "NA",
"8736": "Wednesday December 11th at 11:00am - 1:30am",
"8737": "Friday December 12th at 2:00pm - 4:30pm",
"8738": "Monday December 16th at 11:00am - 1:30am",
"8739": "Friday December 12th at 2:00pm - 4:30pm",
"8740": "Friday December 12th at 8:00am - 10:30am",
"8741": "Friday December 12th at 11:00am - 1:30am",
"8257": "Saturday December 14th at 5:00pm - 7:30pm",
"8258": "Wednesday December 11th at 11:00am - 1:30am",
"8259": "Wednesday December 11th at 11:00am - 1:30am",
"8260": "Wednesday December 11th at 11:00am - 1:30am",
"8742": "Saturday December 14th at 8:00am - 10:30am",
"8743": "Saturday December 14th at 8:00am - 10:30am",
"8999": "Saturday December 14th at 8:00am - 10:30am",
"9263": "NA",
"9386": "NA",
"9294": "NA",
"9346": "NA",
"9353": "NA",
"9359": "NA",
"9360": "NA",
"9366": "NA",
"9369": "NA",
"9374": "NA",
"9260": "NA",
"9261": "NA",
"9275": "NA",
"9335": "NA",
"9351": "NA",
"9352": "NA",
"9365": "NA",
"9373": "NA",
"8989": "NA",
"8990": "NA",
"9142": "Wednesday December 11th at 8:00am - 10:30am",
"9287": "Thursday December 12th at 8:00am - 10:30am",
"9143": "Wednesday December 11th at 2:00pm - 4:30pm",
"8774": "Wednesday December 11th at 11:00am - 1:30am",
"8775": "Thursday December 12th at 2:00pm - 4:30pm",
"8776": "Friday December 12th at 5:00pm - 7:30pm",
"8778": "Wednesday December 11th at 2:00pm - 4:30pm",
"8780": "Friday December 12th at 2:00pm - 4:30pm",
"8746": "Friday December 12th at 5:00pm - 7:30pm",
"8747": "Friday December 12th at 8:00am - 10:30am",
"8748": "Thursday December 12th at 8:00am - 10:30am",
"8749": "Thursday December 12th at 2:00pm - 4:30pm",
"8751": "Thursday December 12th at 5:00pm - 7:30pm",
"9153": "Wednesday December 11th at 11:00am - 1:30am",
"9154": "Monday December 16th at 8:00am - 10:30am",
"9155": "Saturday December 14th at 8:00am - 10:30am",
"8752": "Friday December 12th at 2:00pm - 4:30pm",
"8769": "Wednesday December 11th at 11:00am - 1:30am",
"8770": "Wednesday December 11th at 2:00pm - 4:30pm",
"8771": "Thursday December 12th at 11:00am - 1:30am",
"8761": "Friday December 12th at 8:00am - 10:30am",
"8772": "Saturday December 14th at 8:00am - 10:30am",
"8754": "Friday December 12th at 8:00am - 10:30am",
"8755": "Thursday December 12th at 8:00am - 10:30am",
"8756": "Friday December 12th at 11:00am - 1:30am",
"8781": "Thursday December 12th at 5:00pm - 7:30pm",
"8782": "Saturday December 14th at 11:00am - 1:30am",
"8758": "Wednesday December 11th at 8:00am - 10:30am",
"8762": "Thursday December 12th at 8:00am - 10:30am",
"8766": "Friday December 12th at 2:00pm - 4:30pm",
"8773": "Wednesday December 11th at 2:00pm - 4:30pm",
"8725": "Friday December 12th at 2:00pm - 4:30pm",
"8726": "Wednesday December 11th at 8:00am - 10:30am",
"8779": "Thursday December 12th at 11:00am - 1:30am",
"9254": "NA",
"9147": "Wednesday December 11th at 2:00pm - 4:30pm",
"8763": "Friday December 12th at 2:00pm - 4:30pm",
"8764": "Thursday December 12th at 11:00am - 1:30am",
"8767": "Wednesday December 11th at 8:00am - 10:30am",
"8768": "Saturday December 14th at 8:00am - 10:30am",
"9292": "NA",
"8765": "Wednesday December 11th at 11:00am - 1:30am",
"9297": "NA",
"9282": "NA",
"9194": "NA",
"9195": "NA",
"9196": "NA",
"8280": "Thursday December 12th at 11:00am - 1:30am",
"8281": "Monday December 16th at 8:00am - 10:30am",
"8282": "Monday December 16th at 8:00am - 10:30am",
"8283": "Monday December 16th at 8:00am - 10:30am",
"8284": "Friday December 12th at 2:00pm - 4:30pm",
"8286": "Wednesday December 11th at 8:00am - 10:30am",
"8287": "Friday December 12th at 2:00pm - 4:30pm",
"8288": "Saturday December 14th at 8:00am - 10:30am",
"8289": "Wednesday December 11th at 11:00am - 1:30am",
"8290": "Wednesday December 11th at 8:00am - 10:30am",
"8291": "Friday December 12th at 8:00am - 10:30am",
"8301": "Friday December 12th at 2:00pm - 4:30pm",
"8302": "Thursday December 12th at 5:00pm - 7:30pm",
"8303": "Wednesday December 11th at 5:00pm - 7:30pm",
"8304": "Wednesday December 11th at 5:00pm - 7:30pm",
"8292": "Friday December 12th at 2:00pm - 4:30pm",
"8293": "Friday December 12th at 11:00am - 1:30am",
"8294": "Friday December 12th at 11:00am - 1:30am",
"8295": "Friday December 12th at 2:00pm - 4:30pm",
"8296": "Friday December 12th at 11:00am - 1:30am",
"8297": "Friday December 12th at 11:00am - 1:30am",
"8298": "Wednesday December 11th at 5:00pm - 7:30pm",
"8299": "Wednesday December 11th at 5:00pm - 7:30pm",
"8300": "Thursday December 12th at 5:00pm - 7:30pm",
"8308": "Monday December 16th at 8:00am - 10:30am",
"8309": "Wednesday December 11th at 2:00pm - 4:30pm",
"8310": "Monday December 16th at 11:00am - 1:30am",
"8311": "Thursday December 12th at 5:00pm - 7:30pm",
"8312": "Thursday December 12th at 5:00pm - 7:30pm",
"8313": "Friday December 12th at 2:00pm - 4:30pm",
"8314": "Friday December 12th at 2:00pm - 4:30pm",
"8315": "Friday December 12th at 11:00am - 1:30am",
"8316": "Friday December 12th at 11:00am - 1:30am",
"8317": "Wednesday December 11th at 5:00pm - 7:30pm",
"9333": "Wednesday December 11th at 5:00pm - 7:30pm",
"9181": "Wednesday December 11th at 11:00am - 1:30am",
"9182": "Friday December 12th at 2:00pm - 4:30pm",
"8318": "Wednesday December 11th at 11:00am - 1:30am",
"8319": "Wednesday December 11th at 2:00pm - 4:30pm",
"8320": "Thursday December 12th at 8:00am - 10:30am",
"8321": "Friday December 12th at 11:00am - 1:30am",
"8323": "Saturday December 14th at 8:00am - 10:30am",
"8324": "Friday December 12th at 2:00pm - 4:30pm",
"8322": "Wednesday December 11th at 8:00am - 10:30am",
"9347": "NA",
"9348": "NA",
"9380": "NA",
"8326": "Wednesday December 11th at 8:00am - 10:30am",
"8954": "Wednesday December 11th at 8:00am - 10:30am",
"8955": "Wednesday December 11th at 11:00am - 1:30am",
"8956": "Friday December 12th at 2:00pm - 4:30pm",
"9279": "Monday December 16th at 8:00am - 10:30am",
"8947": "Thursday December 12th at 5:00pm - 7:30pm",
"9301": "NA",
"9302": "NA",
"9204": "NA",
"9205": "NA",
"8957": "Thursday December 12th at 11:00am - 1:30am",
"8958": "Wednesday December 11th at 11:00am - 1:30am",
"8959": "Wednesday December 11th at 8:00am - 10:30am",
"8960": "Friday December 12th at 2:00pm - 4:30pm",
"8961": "Wednesday December 11th at 8:00am - 10:30am",
"8001": "Friday December 12th at 2:00pm - 4:30pm",
"8002": "Friday December 12th at 11:00am - 1:30am",
"8003": "Saturday December 14th at 5:00pm - 7:30pm",
"8004": "NA",
"8005": "Thursday December 12th at 11:00am - 1:30am",
"8008": "NA",
"8596": "Thursday December 12th at 2:00pm - 4:30pm",
"8597": "Friday December 12th at 5:00pm - 7:30pm",
"9172": "Saturday December 14th at 2:00pm - 4:30pm",
"8598": "Friday December 12th at 2:00pm - 4:30pm",
"8599": "Thursday December 12th at 11:00am - 1:30am",
"8600": "Saturday December 14th at 2:00pm - 4:30pm",
"8601": "Friday December 12th at 11:00am - 1:30am",
"8602": "Wednesday December 11th at 8:00am - 10:30am",
"9206": "Friday December 12th at 8:00am - 10:30am",
"8603": "Thursday December 12th at 2:00pm - 4:30pm",
"8606": "Wednesday December 11th at 5:00pm - 7:30pm",
"8607": "Saturday December 14th at 2:00pm - 4:30pm",
"8608": "Saturday December 14th at 5:00pm - 7:30pm",
"8609": "Wednesday December 11th at 5:00pm - 7:30pm",
"9176": "Friday December 12th at 8:00am - 10:30am",
"9177": "Thursday December 12th at 8:00am - 10:30am",
"8610": "Saturday December 14th at 8:00am - 10:30am",
"8611": "Wednesday December 11th at 8:00am - 10:30am",
"8612": "Friday December 12th at 11:00am - 1:30am",
"8613": "Friday December 12th at 2:00pm - 4:30pm",
"8614": "Wednesday December 11th at 2:00pm - 4:30pm",
"8615": "Friday December 12th at 11:00am - 1:30am",
"8616": "Friday December 12th at 5:00pm - 7:30pm",
"8617": "Thursday December 12th at 8:00am - 10:30am",
"8618": "Thursday December 12th at 11:00am - 1:30am",
"8619": "Thursday December 12th at 8:00am - 10:30am",
"8620": "Friday December 12th at 5:00pm - 7:30pm",
"8621": "Thursday December 12th at 5:00pm - 7:30pm",
"8622": "Thursday December 12th at 8:00am - 10:30am",
"8623": "Saturday December 14th at 2:00pm - 4:30pm",
"8626": "Friday December 12th at 8:00am - 10:30am",
"8627": "Friday December 12th at 11:00am - 1:30am",
"8628": "Thursday December 12th at 2:00pm - 4:30pm",
"9150": "Wednesday December 11th at 11:00am - 1:30am",
"9151": "Wednesday December 11th at 2:00pm - 4:30pm",
"8629": "Friday December 12th at 8:00am - 10:30am",
"8630": "Thursday December 12th at 8:00am - 10:30am",
"8631": "Friday December 12th at 8:00am - 10:30am",
"8632": "Saturday December 14th at 8:00am - 10:30am",
"8633": "Saturday December 14th at 8:00am - 10:30am",
"8635": "Friday December 12th at 8:00am - 10:30am",
"9213": "NA",
"9370": "NA",
"9371": "NA",
"9215": "NA",
"9216": "NA",
"9334": "NA",
"9217": "NA",
"9219": "NA",
"9220": "NA",
"8847": "Friday December 12th at 5:00pm - 7:30pm",
"8848": "Friday December 12th at 8:00am - 10:30am",
"8849": "Thursday December 12th at 11:00am - 1:30am",
"8850": "Saturday December 14th at 5:00pm - 7:30pm",
"8851": "Monday December 16th at 2:00pm - 4:30pm",
"8852": "Thursday December 12th at 2:00pm - 4:30pm",
"8853": "Friday December 12th at 2:00pm - 4:30pm",
"8854": "Friday December 12th at 2:00pm - 4:30pm",
"8330": "Wednesday December 11th at 5:00pm - 7:30pm",
"8331": "Saturday December 14th at 2:00pm - 4:30pm",
"8333": "Monday December 16th at 5:00pm - 7:30pm",
"8334": "Monday December 16th at 2:00pm - 4:30pm",
"8336": "Friday December 12th at 2:00pm - 4:30pm",
"8426": "Saturday December 14th at 8:00am - 10:30am",
"8431": "Wednesday December 11th at 8:00am - 10:30am",
"8434": "Friday December 12th at 2:00pm - 4:30pm",
"8436": "Wednesday December 11th at 5:00pm - 7:30pm",
"8437": "Wednesday December 11th at 5:00pm - 7:30pm",
"8438": "Thursday December 12th at 5:00pm - 7:30pm",
"8440": "Saturday December 14th at 11:00am - 1:30am",
"8441": "Thursday December 12th at 5:00pm - 7:30pm",
"8443": "Saturday December 14th at 5:00pm - 7:30pm",
"8444": "Wednesday December 11th at 5:00pm - 7:30pm",
"8445": "Saturday December 14th at 2:00pm - 4:30pm",
"8446": "Wednesday December 11th at 8:00am - 10:30am",
"8448": "Friday December 12th at 5:00pm - 7:30pm",
"8449": "Thursday December 12th at 2:00pm - 4:30pm",
"8450": "Saturday December 14th at 5:00pm - 7:30pm",
"9214": "Thursday December 12th at 5:00pm - 7:30pm",
"8451": "Friday December 12th at 2:00pm - 4:30pm",
"8452": "Saturday December 14th at 5:00pm - 7:30pm",
"8453": "Thursday December 12th at 11:00am - 1:30am",
"8454": "Friday December 12th at 8:00am - 10:30am",
"8455": "Thursday December 12th at 2:00pm - 4:30pm",
"8456": "Thursday December 12th at 8:00am - 10:30am",
"8457": "Wednesday December 11th at 11:00am - 1:30am",
"9257": "Wednesday December 11th at 11:00am - 1:30am",
"8458": "Friday December 12th at 11:00am - 1:30am",
"8460": "Wednesday December 11th at 11:00am - 1:30am",
"8461": "Friday December 12th at 5:00pm - 7:30pm",
"8462": "Friday December 12th at 11:00am - 1:30am",
"8463": "Friday December 12th at 8:00am - 10:30am",
"8464": "Friday December 12th at 11:00am - 1:30am",
"8465": "Thursday December 12th at 8:00am - 10:30am",
"8466": "Thursday December 12th at 8:00am - 10:30am",
"8467": "Thursday December 12th at 2:00pm - 4:30pm",
"8468": "Wednesday December 11th at 8:00am - 10:30am",
"8469": "Friday December 12th at 8:00am - 10:30am",
"8470": "Monday December 16th at 11:00am - 1:30am",
"8471": "Thursday December 12th at 11:00am - 1:30am",
"8472": "Thursday December 12th at 2:00pm - 4:30pm",
"8473": "Friday December 12th at 11:00am - 1:30am",
"8474": "Wednesday December 11th at 5:00pm - 7:30pm",
"8475": "Saturday December 14th at 2:00pm - 4:30pm",
"8476": "Saturday December 14th at 5:00pm - 7:30pm",
"8477": "Friday December 12th at 11:00am - 1:30am",
"8478": "Saturday December 14th at 5:00pm - 7:30pm",
"8479": "Wednesday December 11th at 5:00pm - 7:30pm",
"8480": "Saturday December 14th at 2:00pm - 4:30pm",
"9326": "NA",
"8803": "Friday December 12th at 2:00pm - 4:30pm",
"8804": "Wednesday December 11th at 2:00pm - 4:30pm",
"9338": "Wednesday December 11th at 2:00pm - 4:30pm",
"8805": "Thursday December 12th at 8:00am - 10:30am",
"8806": "Friday December 12th at 8:00am - 10:30am",
"8807": "Friday December 12th at 11:00am - 1:30am",
"8808": "Thursday December 12th at 2:00pm - 4:30pm",
"8809": "Thursday December 12th at 5:00pm - 7:30pm",
"8810": "Wednesday December 11th at 5:00pm - 7:30pm",
"8811": "Saturday December 14th at 8:00am - 10:30am",
"8812": "Wednesday December 11th at 8:00am - 10:30am",
"8813": "Friday December 12th at 8:00am - 10:30am",
"8814": "Friday December 12th at 2:00pm - 4:30pm",
"9167": "Wednesday December 11th at 8:00am - 10:30am",
"9168": "Wednesday December 11th at 11:00am - 1:30am",
"8975": "NA",
"8795": "Friday December 12th at 2:00pm - 4:30pm",
"8796": "Friday December 12th at 2:00pm - 4:30pm",
"8797": "Monday December 16th at 11:00am - 1:30am",
"9253": "Friday December 12th at 11:00am - 1:30am",
"8798": "Saturday December 14th at 11:00am - 1:30am",
"8799": "Friday December 12th at 11:00am - 1:30am",
"9002": "Thursday December 12th at 11:00am - 1:30am",
"9003": "Wednesday December 11th at 11:00am - 1:30am",
"9004": "Saturday December 14th at 8:00am - 10:30am",
"9005": "Friday December 12th at 5:00pm - 7:30pm",
"9006": "Thursday December 12th at 2:00pm - 4:30pm",
"9007": "Friday December 12th at 8:00am - 10:30am",
"9008": "Friday December 12th at 2:00pm - 4:30pm",
"9009": "Thursday December 12th at 8:00am - 10:30am",
"8945": "Thursday December 12th at 5:00pm - 7:30pm",
"8948": "Wednesday December 11th at 5:00pm - 7:30pm",
"8050": "Saturday December 14th at 2:00pm - 4:30pm",
"8041": "Saturday December 14th at 2:00pm - 4:30pm",
"8043": "Thursday December 12th at 5:00pm - 7:30pm",
"8044": "Wednesday December 11th at 11:00am - 1:30am",
"8045": "Friday December 12th at 2:00pm - 4:30pm",
"8046": "Thursday December 12th at 11:00am - 1:30am",
"8047": "Thursday December 12th at 5:00pm - 7:30pm",
"8048": "Wednesday December 11th at 5:00pm - 7:30pm",
"8053": "Thursday December 12th at 2:00pm - 4:30pm",
"8054": "Thursday December 12th at 11:00am - 1:30am",
"8055": "Saturday December 14th at 2:00pm - 4:30pm",
"8056": "Wednesday December 11th at 11:00am - 1:30am",
"8057": "Friday December 12th at 2:00pm - 4:30pm",
"8971": "Wednesday December 11th at 5:00pm - 7:30pm",
"8972": "Friday December 12th at 8:00am - 10:30am",
"9001": "Thursday December 12th at 5:00pm - 7:30pm",
"8060": "Wednesday December 11th at 8:00am - 10:30am",
"8061": "Friday December 12th at 11:00am - 1:30am",
"8062": "Thursday December 12th at 2:00pm - 4:30pm",
"8063": "Monday December 16th at 2:00pm - 4:30pm",
"8064": "Saturday December 14th at 5:00pm - 7:30pm",
"8065": "Thursday December 12th at 8:00am - 10:30am",
"8066": "Thursday December 12th at 8:00am - 10:30am",
"8067": "Friday December 12th at 2:00pm - 4:30pm",
"8068": "Thursday December 12th at 11:00am - 1:30am",
"8864": "Friday December 12th at 11:00am - 1:30am",
"8865": "Saturday December 14th at 2:00pm - 4:30pm",
"8866": "Thursday December 12th at 11:00am - 1:30am",
"8867": "Wednesday December 11th at 5:00pm - 7:30pm",
"8868": "Friday December 12th at 8:00am - 10:30am",
"8869": "Friday December 12th at 2:00pm - 4:30pm",
"9188": "Monday December 16th at 2:00pm - 4:30pm",
"8153": "Thursday December 12th at 11:00am - 1:30am",
"8154": "Thursday December 12th at 2:00pm - 4:30pm",
"8155": "Thursday December 12th at 5:00pm - 7:30pm",
"8156": "Thursday December 12th at 5:00pm - 7:30pm",
"8157": "Saturday December 14th at 11:00am - 1:30am",
"9210": "Wednesday December 11th at 2:00pm - 4:30pm",
"9211": "Monday December 16th at 2:00pm - 4:30pm",
"8143": "Friday December 12th at 11:00am - 1:30am",
"9189": "Friday December 12th at 2:00pm - 4:30pm",
"8144": "Wednesday December 11th at 8:00am - 10:30am",
"9190": "Wednesday December 11th at 11:00am - 1:30am",
"8145": "Wednesday December 11th at 11:00am - 1:30am",
"8146": "Wednesday December 11th at 11:00am - 1:30am",
"9201": "Thursday December 12th at 11:00am - 1:30am",
"8147": "Friday December 12th at 5:00pm - 7:30pm",
"9202": "Wednesday December 11th at 8:00am - 10:30am",
"8148": "Thursday December 12th at 8:00am - 10:30am",
"8149": "Friday December 12th at 11:00am - 1:30am",
"8150": "Monday December 16th at 11:00am - 1:30am",
"8151": "Friday December 12th at 5:00pm - 7:30pm",
"8158": "Thursday December 12th at 2:00pm - 4:30pm",
"8159": "Friday December 12th at 2:00pm - 4:30pm",
"8161": "Wednesday December 11th at 11:00am - 1:30am",
"8162": "Wednesday December 11th at 2:00pm - 4:30pm",
"8163": "Friday December 12th at 2:00pm - 4:30pm",
"8172": "Wednesday December 11th at 8:00am - 10:30am",
"8173": "Thursday December 12th at 2:00pm - 4:30pm",
"8174": "Thursday December 12th at 5:00pm - 7:30pm",
"8175": "Saturday December 14th at 11:00am - 1:30am",
"8176": "Saturday December 14th at 11:00am - 1:30am",
"8177": "Thursday December 12th at 8:00am - 10:30am",
"8178": "Friday December 12th at 11:00am - 1:30am",
"8179": "Wednesday December 11th at 8:00am - 10:30am",
"8181": "Thursday December 12th at 8:00am - 10:30am",
"8164": "Thursday December 12th at 11:00am - 1:30am",
"8182": "Friday December 12th at 5:00pm - 7:30pm",
"9286": "Friday December 12th at 8:00am - 10:30am",
"8165": "Saturday December 14th at 8:00am - 10:30am",
"8166": "Wednesday December 11th at 8:00am - 10:30am",
"8167": "Monday December 16th at 11:00am - 1:30am",
"8168": "Friday December 12th at 2:00pm - 4:30pm",
"8169": "Thursday December 12th at 11:00am - 1:30am",
"8170": "Friday December 12th at 2:00pm - 4:30pm",
"8171": "Saturday December 14th at 8:00am - 10:30am",
"8183": "Saturday December 14th at 2:00pm - 4:30pm",
"8184": "Wednesday December 11th at 8:00am - 10:30am",
"8185": "Thursday December 12th at 8:00am - 10:30am",
"8186": "Thursday December 12th at 2:00pm - 4:30pm",
"8189": "Friday December 12th at 11:00am - 1:30am",
"9187": "Friday December 12th at 8:00am - 10:30am",
"8190": "Thursday December 12th at 8:00am - 10:30am",
"8191": "Thursday December 12th at 2:00pm - 4:30pm",
"8192": "Wednesday December 11th at 11:00am - 1:30am",
"8199": "Friday December 12th at 11:00am - 1:30am",
"8193": "Friday December 12th at 2:00pm - 4:30pm",
"8195": "Friday December 12th at 5:00pm - 7:30pm",
"8196": "Friday December 12th at 8:00am - 10:30am",
"8197": "Thursday December 12th at 8:00am - 10:30am",
"8198": "Wednesday December 11th at 11:00am - 1:30am",
"8200": "Friday December 12th at 11:00am - 1:30am",
"8201": "Thursday December 12th at 8:00am - 10:30am",
"8203": "Wednesday December 11th at 11:00am - 1:30am",
"8202": "Friday December 12th at 8:00am - 10:30am",
"8204": "Friday December 12th at 11:00am - 1:30am",
"8205": "Thursday December 12th at 11:00am - 1:30am",
"9375": "NA",
"9385": "NA",
"9381": "NA",
"8206": "NA",
"8208": "Thursday December 12th at 5:00pm - 7:30pm",
"8209": "Friday December 12th at 5:00pm - 7:30pm",
"8898": "Thursday December 12th at 8:00am - 10:30am",
"8899": "Friday December 12th at 11:00am - 1:30am",
"8900": "Thursday December 12th at 8:00am - 10:30am",
"8901": "Saturday December 14th at 11:00am - 1:30am",
"8902": "Monday December 16th at 2:00pm - 4:30pm",
"8903": "Thursday December 12th at 11:00am - 1:30am",
"8904": "Friday December 12th at 2:00pm - 4:30pm",
"8842": "Thursday December 12th at 5:00pm - 7:30pm",
"8843": "Saturday December 14th at 8:00am - 10:30am",
"8844": "Wednesday December 11th at 11:00am - 1:30am",
"8845": "Friday December 12th at 2:00pm - 4:30pm",
"8846": "Thursday December 12th at 8:00am - 10:30am",
"9156": "Saturday December 14th at 5:00pm - 7:30pm",
"9339": "NA",
"9382": "NA",
"9384": "NA",
"9000": "Saturday December 14th at 5:00pm - 7:30pm",
"9306": "NA",
"9340": "NA",
"8979": "Thursday December 12th at 2:00pm - 4:30pm",
"8892": "Wednesday December 11th at 5:00pm - 7:30pm",
"8891": "Friday December 12th at 5:00pm - 7:30pm",
"8889": "Friday December 12th at 8:00am - 10:30am",
"8890": "Friday December 12th at 11:00am - 1:30am",
"8887": "Thursday December 12th at 11:00am - 1:30am",
"8888": "Saturday December 14th at 2:00pm - 4:30pm",
"8893": "Saturday December 14th at 5:00pm - 7:30pm",
"8894": "Saturday December 14th at 11:00am - 1:30am",
"8895": "Thursday December 12th at 5:00pm - 7:30pm",
"8896": "Wednesday December 11th at 5:00pm - 7:30pm",
"8897": "Saturday December 14th at 2:00pm - 4:30pm",
"9303": "NA",
"9221": "NA",
"9327": "NA",
"9222": "NA",
"9223": "NA",
"8009": "Monday December 16th at 8:00am - 10:30am",
"8010": "Thursday December 12th at 2:00pm - 4:30pm",
"8011": "Friday December 12th at 8:00am - 10:30am",
"8012": "Thursday December 12th at 5:00pm - 7:30pm",
"8013": "Thursday December 12th at 2:00pm - 4:30pm",
"8014": "NA",
"8015": "Friday December 12th at 2:00pm - 4:30pm",
"8016": "Friday December 12th at 11:00am - 1:30am",
"8017": "Thursday December 12th at 8:00am - 10:30am",
"8018": "Wednesday December 11th at 8:00am - 10:30am",
"8019": "Wednesday December 11th at 11:00am - 1:30am",
"8020": "Thursday December 12th at 11:00am - 1:30am",
"8021": "Monday December 16th at 2:00pm - 4:30pm",
"8022": "Thursday December 12th at 2:00pm - 4:30pm",
"8023": "Friday December 12th at 8:00am - 10:30am",
"8024": "Thursday December 12th at 2:00pm - 4:30pm",
"8025": "Thursday December 12th at 5:00pm - 7:30pm",
"8026": "Thursday December 12th at 11:00am - 1:30am",
"8027": "Monday December 16th at 11:00am - 1:30am",
"8028": "NA",
"8029": "Monday December 16th at 8:00am - 10:30am",
"8030": "Thursday December 12th at 11:00am - 1:30am",
"8031": "Thursday December 12th at 11:00am - 1:30am",
"8032": "Saturday December 14th at 5:00pm - 7:30pm",
"8033": "Friday December 12th at 2:00pm - 4:30pm",
"8034": "NA",
"9262": "NA",
"9345": "NA",
"8035": "Friday December 12th at 8:00am - 10:30am",
"8036": "Thursday December 12th at 2:00pm - 4:30pm",
"9281": "NA",
"9312": "NA",
"9355": "NA",
"9364": "NA",
"9368": "NA",
"9328": "NA",
"8037": "Thursday December 12th at 5:00pm - 7:30pm",
"8905": "Monday December 16th at 8:00am - 10:30am",
"8906": "Saturday December 14th at 8:00am - 10:30am",
"8907": "Monday December 16th at 11:00am - 1:30am",
"8908": "Friday December 12th at 8:00am - 10:30am",
"8909": "Thursday December 12th at 5:00pm - 7:30pm",
"8910": "Wednesday December 11th at 11:00am - 1:30am",
"8911": "Wednesday December 11th at 2:00pm - 4:30pm",
"8912": "Wednesday December 11th at 8:00am - 10:30am",
"8949": "Friday December 12th at 8:00am - 10:30am",
"8950": "Friday December 12th at 8:00am - 10:30am",
"9169": "Thursday December 12th at 5:00pm - 7:30pm",
"9314": "Wednesday December 11th at 2:00pm - 4:30pm",
"8913": "Saturday December 14th at 8:00am - 10:30am",
"8914": "Wednesday December 11th at 8:00am - 10:30am",
"8915": "Saturday December 14th at 8:00am - 10:30am",
"8917": "Saturday December 14th at 5:00pm - 7:30pm",
"8918": "Wednesday December 11th at 5:00pm - 7:30pm",
"8919": "Wednesday December 11th at 2:00pm - 4:30pm",
"9209": "Thursday December 12th at 11:00am - 1:30am",
"8970": "Wednesday December 11th at 2:00pm - 4:30pm",
"8546": "Wednesday December 11th at 11:00am - 1:30am",
"8547": "Thursday December 12th at 2:00pm - 4:30pm",
"8548": "Friday December 12th at 5:00pm - 7:30pm",
"8549": "Thursday December 11th at 8:00pm - 10:30pm",
"8550": "Wednesday December 11th at 8:00am - 10:30am",
"8551": "Wednesday December 11th at 11:00am - 1:30am",
"8552": "Wednesday December 11th at 11:00am - 1:30am",
"8553": "Wednesday December 11th at 2:00pm - 4:30pm",
"8555": "Thursday December 12th at 8:00am - 10:30am",
"8556": "Thursday December 12th at 8:00am - 10:30am",
"8557": "Friday December 12th at 11:00am - 1:30am",
"8558": "Saturday December 14th at 8:00am - 10:30am",
"8559": "Saturday December 14th at 8:00am - 10:30am",
"8560": "Wednesday December 11th at 8:00am - 10:30am",
"8561": "Wednesday December 11th at 2:00pm - 4:30pm",
"8562": "Wednesday December 11th at 2:00pm - 4:30pm",
"8563": "Wednesday December 11th at 5:00pm - 7:30pm",
"8564": "Saturday December 14th at 8:00am - 10:30am",
"9274": "Friday December 12th at 8:00am - 10:30am",
"8567": "Thursday December 12th at 11:00am - 1:30am",
"8568": "Friday December 12th at 8:00am - 10:30am",
"8569": "Thursday December 12th at 8:00am - 10:30am",
"8570": "Friday December 12th at 11:00am - 1:30am",
"8571": "Friday December 12th at 2:00pm - 4:30pm",
"8572": "Thursday December 12th at 11:00am - 1:30am",
"8573": "Friday December 12th at 5:00pm - 7:30pm",
"8574": "Friday December 12th at 2:00pm - 4:30pm",
"8575": "Thursday December 12th at 11:00am - 1:30am",
"8576": "Saturday December 14th at 5:00pm - 7:30pm",
"8577": "Friday December 12th at 8:00am - 10:30am",
"8578": "Thursday December 12th at 8:00am - 10:30am",
"8579": "Friday December 12th at 11:00am - 1:30am",
"8580": "Friday December 12th at 8:00am - 10:30am",
"8582": "Wednesday December 11th at 8:00am - 10:30am",
"8583": "Thursday December 12th at 2:00pm - 4:30pm",
"8584": "Wednesday December 11th at 8:00am - 10:30am",
"8585": "Wednesday December 11th at 2:00pm - 4:30pm",
"8586": "Friday December 12th at 5:00pm - 7:30pm",
"8587": "Saturday December 14th at 5:00pm - 7:30pm",
"8588": "Friday December 12th at 2:00pm - 4:30pm",
"8589": "Wednesday December 11th at 5:00pm - 7:30pm",
"8590": "Friday December 12th at 2:00pm - 4:30pm",
"8592": "Thursday December 12th at 5:00pm - 7:30pm",
"8594": "Saturday December 14th at 5:00pm - 7:30pm",
"8595": "Wednesday December 11th at 5:00pm - 7:30pm",
"9117": "NA",
"9118": "NA",
"9119": "NA",
"9087": "NA",
"9088": "NA",
"9089": "NA",
"9090": "NA",
"9091": "NA",
"9092": "NA",
"9093": "NA",
"9120": "NA",
"9121": "NA",
"9094": "Wednesday December 11th at 8:00am - 10:30am",
"9095": "Saturday December 14th at 5:00pm - 7:30pm",
"9111": "Wednesday December 11th at 11:00am - 1:30am",
"9115": "Thursday December 12th at 11:00am - 1:30am",
"9116": "Thursday December 12th at 11:00am - 1:30am",
"9140": "Wednesday December 11th at 8:00am - 10:30am",
"9293": "Friday December 12th at 8:00am - 10:30am",
"9157": "Saturday December 14th at 8:00am - 10:30am",
"9159": "Wednesday December 11th at 11:00am - 1:30am",
"9160": "Friday December 12th at 11:00am - 1:30am",
"9161": "Friday December 12th at 8:00am - 10:30am",
"9162": "Thursday December 12th at 8:00am - 10:30am",
"9163": "Friday December 12th at 11:00am - 1:30am",
"9100": "NA",
"9101": "NA",
"9102": "NA",
"9103": "NA",
"9200": "NA",
"9105": "NA",
"9106": "Thursday December 12th at 8:00am - 10:30am",
"9107": "Saturday December 14th at 5:00pm - 7:30pm",
"9108": "Friday December 12th at 11:00am - 1:30am",
"9109": "Wednesday December 11th at 5:00pm - 7:30pm",
"9224": "NA",
"9175": "Wednesday December 11th at 2:00pm - 4:30pm",
"8925": "Friday December 12th at 5:00pm - 7:30pm",
"8038": "Friday December 12th at 11:00am - 1:30am",
"8927": "Wednesday December 11th at 8:00am - 10:30am",
"8039": "Wednesday December 11th at 5:00pm - 7:30pm",
"9207": "NA",
"9331": "NA",
"8934": "Friday December 12th at 11:00am - 1:30am",
"8935": "Thursday December 12th at 2:00pm - 4:30pm",
"8936": "Thursday December 12th at 8:00am - 10:30am",
"8937": "Wednesday December 11th at 11:00am - 1:30am",
"8938": "Wednesday December 11th at 2:00pm - 4:30pm",
"8939": "Friday December 12th at 2:00pm - 4:30pm",
"8940": "Friday December 12th at 11:00am - 1:30am",
"8941": "Thursday December 12th at 2:00pm - 4:30pm",
"8942": "Saturday December 14th at 8:00am - 10:30am",
"8490": "Wednesday December 11th at 2:00pm - 4:30pm",
"8491": "Wednesday December 11th at 5:00pm - 7:30pm",
"8492": "Friday December 12th at 5:00pm - 7:30pm",
"8493": "Thursday December 12th at 5:00pm - 7:30pm",
"8494": "Monday December 16th at 8:00am - 10:30am",
"8495": "Saturday December 14th at 11:00am - 1:30am",
"8496": "Saturday December 14th at 11:00am - 1:30am",
"8497": "Thursday December 12th at 5:00pm - 7:30pm",
"8498": "Saturday December 14th at 8:00am - 10:30am",
"8481": "Monday December 16th at 11:00am - 1:30am",
"8482": "Friday December 12th at 8:00am - 10:30am",
"8483": "Monday December 16th at 11:00am - 1:30am",
"8484": "Friday December 12th at 8:00am - 10:30am",
"8485": "Saturday December 14th at 8:00am - 10:30am",
"8486": "Friday December 12th at 8:00am - 10:30am",
"8487": "Friday December 12th at 11:00am - 1:30am",
"8488": "Thursday December 12th at 2:00pm - 4:30pm",
"8489": "Wednesday December 11th at 11:00am - 1:30am",
"9174": "Thursday December 12th at 5:00pm - 7:30pm",
"8499": "Wednesday December 11th at 2:00pm - 4:30pm",
"8500": "Friday December 12th at 2:00pm - 4:30pm",
"8501": "Saturday December 14th at 8:00am - 10:30am",
"8502": "Wednesday December 11th at 8:00am - 10:30am",
"8503": "Saturday December 14th at 5:00pm - 7:30pm",
"8504": "Thursday December 12th at 8:00am - 10:30am",
"8505": "Saturday December 14th at 5:00pm - 7:30pm",
"8506": "Wednesday December 11th at 5:00pm - 7:30pm",
"8507": "Wednesday December 11th at 5:00pm - 7:30pm",
"8508": "Friday December 12th at 11:00am - 1:30am",
"8509": "Saturday December 14th at 2:00pm - 4:30pm",
"8510": "Thursday December 12th at 11:00am - 1:30am",
"9146": "Thursday December 12th at 2:00pm - 4:30pm",
"9148": "Wednesday December 11th at 2:00pm - 4:30pm",
"9361": "NA",
"9376": "NA",
"8511": "Friday December 12th at 8:00am - 10:30am",
"8512": "Thursday December 12th at 8:00am - 10:30am",
"8513": "Saturday December 14th at 8:00am - 10:30am",
"8515": "Wednesday December 11th at 8:00am - 10:30am",
"8516": "Friday December 12th at 2:00pm - 4:30pm",
"8517": "Thursday December 12th at 11:00am - 1:30am",
"8083": "Monday December 16th at 11:00am - 1:30am",
"8084": "Thursday December 12th at 8:00am - 10:30am",
"8085": "Monday December 16th at 11:00am - 1:30am",
"8095": "Friday December 12th at 11:00am - 1:30am",
"8096": "Thursday December 12th at 2:00pm - 4:30pm",
"8086": "Monday December 16th at 8:00am - 10:30am",
"8087": "Saturday December 14th at 8:00am - 10:30am",
"8088": "Wednesday December 11th at 8:00am - 10:30am",
"8089": "Wednesday December 11th at 11:00am - 1:30am",
"8090": "Wednesday December 11th at 2:00pm - 4:30pm",
"8091": "Friday December 12th at 2:00pm - 4:30pm",
"8092": "Saturday December 14th at 5:00pm - 7:30pm",
"8093": "Wednesday December 11th at 5:00pm - 7:30pm",
"8094": "Friday December 12th at 8:00am - 10:30am",
"8097": "Thursday December 12th at 2:00pm - 4:30pm",
"8098": "Monday December 16th at 8:00am - 10:30am",
"8099": "Saturday December 14th at 8:00am - 10:30am",
"8100": "Wednesday December 11th at 11:00am - 1:30am",
"8101": "Friday December 12th at 2:00pm - 4:30pm",
"8102": "Thursday December 12th at 11:00am - 1:30am",
"8103": "Thursday December 12th at 8:00am - 10:30am",
"8104": "Monday December 16th at 11:00am - 1:30am",
"8105": "Thursday December 12th at 11:00am - 1:30am",
"8106": "Monday December 16th at 8:00am - 10:30am",
"8107": "Wednesday December 11th at 2:00pm - 4:30pm",
"8108": "Friday December 12th at 8:00am - 10:30am",
"8109": "Monday December 16th at 8:00am - 10:30am",
"8110": "Wednesday December 11th at 5:00pm - 7:30pm",
"8111": "Thursday December 12th at 8:00am - 10:30am",
"8112": "Friday December 12th at 5:00pm - 7:30pm",
"8113": "NA",
"8116": "Friday December 12th at 2:00pm - 4:30pm",
"8118": "Monday December 16th at 2:00pm - 4:30pm",
"8119": "Wednesday December 11th at 11:00am - 1:30am",
"8120": "Saturday December 14th at 8:00am - 10:30am",
"8121": "Monday December 16th at 11:00am - 1:30am",
"8122": "NA",
"8124": "Wednesday December 11th at 8:00am - 10:30am",
"8126": "Thursday December 12th at 11:00am - 1:30am",
"8128": "Friday December 12th at 2:00pm - 4:30pm",
"8129": "Wednesday December 11th at 11:00am - 1:30am",
"8130": "Friday December 12th at 11:00am - 1:30am",
"8131": "Wednesday December 11th at 8:00am - 10:30am",
"8132": "Wednesday December 11th at 2:00pm - 4:30pm",
"8133": "Friday December 12th at 2:00pm - 4:30pm",
"8134": "NA",
"8135": "Monday December 16th at 8:00am - 10:30am",
"8136": "Wednesday December 11th at 8:00am - 10:30am",
"8137": "Thursday December 12th at 8:00am - 10:30am",
"8138": "Wednesday December 11th at 2:00pm - 4:30pm",
"8139": "Friday December 12th at 8:00am - 10:30am",
"9329": "NA",
"9362": "NA",
"9367": "NA",
"9372": "NA",
"8141": "Saturday December 14th at 5:00pm - 7:30pm",
"8142": "Saturday December 14th at 2:00pm - 4:30pm",
"8921": "Saturday December 14th at 8:00am - 10:30am",
"8922": "Wednesday December 11th at 8:00am - 10:30am",
"8923": "Thursday December 12th at 11:00am - 1:30am",
"8924": "Friday December 12th at 2:00pm - 4:30pm",
"8920": "Friday December 12th at 11:00am - 1:30am",
"9252": "NA",
"8928": "Friday December 12th at 8:00am - 10:30am",
"8932": "Friday December 12th at 11:00am - 1:30am",
"8933": "Thursday December 12th at 8:00am - 10:30am",
"8929": "Friday December 12th at 5:00pm - 7:30pm",
"8931": "Thursday December 12th at 5:00pm - 7:30pm",
"9356": "NA",
"8963": "Friday December 12th at 11:00am - 1:30am",
"8964": "Thursday December 12th at 11:00am - 1:30am",
"8965": "Friday December 12th at 2:00pm - 4:30pm",
"8966": "Saturday December 14th at 5:00pm - 7:30pm",
"9387": "NA",
"8991": "Thursday December 12th at 8:00am - 10:30am",
"8992": "Thursday December 12th at 2:00pm - 4:30pm",
"8993": "Friday December 12th at 8:00am - 10:30am",
"8994": "Thursday December 12th at 2:00pm - 4:30pm",
"8995": "Monday December 16th at 11:00am - 1:30am",
"9199": "NA",
"8996": "Thursday December 12th at 2:00pm - 4:30pm",
"8997": "Friday December 12th at 11:00am - 1:30am",
"9363": "NA",
"8998": "Thursday December 12th at 2:00pm - 4:30pm",
"9284": "NA",
"9058": "NA",
"9059": "NA",
"9069": "NA",
"9070": "NA",
"9071": "NA",
"9072": "Thursday December 12th at 8:00am - 10:30am",
"9074": "Wednesday December 11th at 2:00pm - 4:30pm",
"9061": "Wednesday December 11th at 2:00pm - 4:30pm",
"9063": "NA",
"9064": "Thursday December 12th at 8:00am - 10:30am",
"9065": "NA",
"9067": "NA",
"9025": "Friday December 12th at 5:00pm - 7:30pm",
"9026": "Friday December 12th at 5:00pm - 7:30pm",
"9027": "Friday December 12th at 5:00pm - 7:30pm",
"9028": "Friday December 12th at 2:00pm - 4:30pm",
"9075": "NA",
"9076": "NA",
"9029": "Friday December 12th at 2:00pm - 4:30pm",
"9030": "Monday December 16th at 2:00pm - 4:30pm",
"9031": "Thursday December 12th at 11:00am - 1:30am",
"9032": "Saturday December 14th at 5:00pm - 7:30pm",
"9033": "Thursday December 12th at 8:00am - 10:30am",
"9034": "Friday December 12th at 8:00am - 10:30am",
"9344": "NA",
"9035": "Monday December 16th at 2:00pm - 4:30pm",
"9036": "Monday December 16th at 8:00am - 10:30am",
"9077": "NA",
"9037": "Wednesday December 11th at 11:00am - 1:30am",
"9038": "Thursday December 12th at 2:00pm - 4:30pm",
"9039": "Thursday December 12th at 8:00am - 10:30am",
"9040": "Thursday December 12th at 11:00am - 1:30am",
"9041": "Friday December 12th at 8:00am - 10:30am",
"9042": "Thursday December 12th at 8:00am - 10:30am",
"9043": "Wednesday December 11th at 8:00am - 10:30am",
"9044": "Friday December 12th at 11:00am - 1:30am",
"9045": "Monday December 16th at 11:00am - 1:30am",
"9185": "Friday December 12th at 11:00am - 1:30am",
"9046": "Friday December 12th at 11:00am - 1:30am",
"9047": "Saturday December 14th at 8:00am - 10:30am",
"9048": "Wednesday December 11th at 11:00am - 1:30am",
"9049": "Wednesday December 11th at 11:00am - 1:30am",
"9050": "Thursday December 12th at 8:00am - 10:30am",
"9051": "Thursday December 12th at 2:00pm - 4:30pm",
"9052": "Friday December 12th at 11:00am - 1:30am",
"9186": "Friday December 12th at 8:00am - 10:30am",
"9053": "Saturday December 14th at 8:00am - 10:30am",
"9054": "Wednesday December 11th at 11:00am - 1:30am",
"9055": "Wednesday December 11th at 8:00am - 10:30am",
"9056": "Thursday December 12th at 8:00am - 10:30am",
"9164": "Wednesday December 11th at 11:00am - 1:30am",
"9057": "Friday December 12th at 8:00am - 10:30am",
"9078": "NA",
"9377": "NA",
"9378": "NA",
"8980": "Friday December 12th at 11:00am - 1:30am",
"8981": "Thursday December 12th at 2:00pm - 4:30pm",
"8983": "Saturday December 14th at 5:00pm - 7:30pm",
"8984": "Thursday December 12th at 8:00am - 10:30am",
"8790": "Thursday December 12th at 11:00am - 1:30am",
"8784": "Monday December 16th at 11:00am - 1:30am",
"8785": "Thursday December 12th at 8:00am - 10:30am",
"8786": "NA",
"8792": "Wednesday December 11th at 2:00pm - 4:30pm",
"8787": "Friday December 12th at 8:00am - 10:30am",
"8788": "Wednesday December 11th at 8:00am - 10:30am",
"8793": "Saturday December 14th at 8:00am - 10:30am",
"8794": "Friday December 12th at 11:00am - 1:30am",
"9325": "NA",
"9349": "NA",
"9354": "NA",
"9357": "NA",
"8946": "Wednesday December 11th at 8:00am - 10:30am",
"8967": "NA",
"9226": "NA",
"9228": "NA",
"8703": "Wednesday December 11th at 8:00am - 10:30am",
"9131": "Saturday December 14th at 2:00pm - 4:30pm",
"8704": "Friday December 12th at 8:00am - 10:30am",
"8705": "Wednesday December 11th at 5:00pm - 7:30pm",
"8706": "Saturday December 14th at 2:00pm - 4:30pm",
"8707": "Saturday December 14th at 5:00pm - 7:30pm",
"8708": "Friday December 12th at 11:00am - 1:30am",
"9129": "Thursday December 12th at 11:00am - 1:30am",
"9130": "Monday December 16th at 2:00pm - 4:30pm",
"8709": "Thursday December 12th at 2:00pm - 4:30pm",
"8710": "Friday December 12th at 5:00pm - 7:30pm",
"8711": "Thursday December 12th at 8:00am - 10:30am",
"8712": "Friday December 12th at 8:00am - 10:30am",
"8713": "Monday December 16th at 8:00am - 10:30am",
"8714": "Saturday December 14th at 8:00am - 10:30am",
"8715": "Saturday December 14th at 2:00pm - 4:30pm",
"8716": "Thursday December 12th at 8:00am - 10:30am",
"8717": "Friday December 12th at 11:00am - 1:30am",
"8718": "Saturday December 14th at 11:00am - 1:30am",
"8719": "Friday December 12th at 2:00pm - 4:30pm",
"8721": "Thursday December 12th at 2:00pm - 4:30pm",
"8722": "Friday December 12th at 8:00am - 10:30am",
"8723": "Saturday December 14th at 2:00pm - 4:30pm",
"8724": "Friday December 12th at 2:00pm - 4:30pm",
"8518": "NA",
"8519": "NA",
"8520": "Friday December 12th at 8:00am - 10:30am",
"8521": "Thursday December 12th at 2:00pm - 4:30pm",
"8522": "Wednesday December 11th at 5:00pm - 7:30pm",
"8523": "Thursday December 12th at 8:00am - 10:30am",
"8524": "Thursday December 12th at 2:00pm - 4:30pm",
"8525": "Saturday December 14th at 2:00pm - 4:30pm",
"8526": "Thursday December 12th at 11:00am - 1:30am",
"8527": "Saturday December 14th at 11:00am - 1:30am",
"8528": "Friday December 12th at 11:00am - 1:30am",
"8529": "Wednesday December 11th at 11:00am - 1:30am",
"8530": "Monday December 16th at 11:00am - 1:30am",
"8531": "Monday December 16th at 8:00am - 10:30am",
"8532": "Wednesday December 11th at 11:00am - 1:30am",
"9183": "Wednesday December 11th at 5:00pm - 7:30pm",
"8533": "Friday December 12th at 5:00pm - 7:30pm",
"8534": "Wednesday December 11th at 8:00am - 10:30am",
"8535": "Wednesday December 11th at 11:00am - 1:30am",
"8536": "Thursday December 12th at 11:00am - 1:30am",
"8537": "Wednesday December 11th at 5:00pm - 7:30pm",
"8538": "Thursday December 12th at 5:00pm - 7:30pm",
"8539": "Monday December 16th at 8:00am - 10:30am",
"9184": "Saturday December 14th at 11:00am - 1:30am",
"8540": "Friday December 12th at 2:00pm - 4:30pm",
"8541": "Friday December 12th at 8:00am - 10:30am",
"8542": "Saturday December 14th at 8:00am - 10:30am",
"8543": "Wednesday December 11th at 11:00am - 1:30am",
"8544": "Wednesday December 11th at 8:00am - 10:30am",
"8545": "NA",
"9255": "NA",
"9230": "NA",
"9379": "NA",
"9231": "NA",
"9232": "NA",
"8985": "Thursday December 12th at 8:00am - 10:30am",
"8986": "Thursday December 12th at 8:00am - 10:30am",
"8987": "Thursday December 12th at 8:00am - 10:30am",
"8988": "Thursday December 12th at 8:00am - 10:30am",
"8394": "Wednesday December 11th at 8:00am - 10:30am",
"8395": "Wednesday December 11th at 11:00am - 1:30am",
"8396": "Thursday December 12th at 5:00pm - 7:30pm",
"8397": "Wednesday December 11th at 8:00am - 10:30am",
"8398": "Wednesday December 11th at 11:00am - 1:30am",
"8399": "Wednesday December 11th at 2:00pm - 4:30pm",
"8400": "Thursday December 12th at 8:00am - 10:30am",
"8402": "Saturday December 14th at 11:00am - 1:30am",
"8403": "Wednesday December 11th at 8:00am - 10:30am",
"8404": "Wednesday December 11th at 2:00pm - 4:30pm",
"8405": "Saturday December 14th at 5:00pm - 7:30pm",
"9316": "Friday December 12th at 5:00pm - 7:30pm",
"8406": "Saturday December 14th at 2:00pm - 4:30pm",
"8407": "Thursday December 12th at 5:00pm - 7:30pm",
"8408": "Friday December 12th at 11:00am - 1:30am",
"8409": "Thursday December 12th at 2:00pm - 4:30pm",
"8410": "Friday December 12th at 11:00am - 1:30am",
"8411": "Thursday December 12th at 2:00pm - 4:30pm",
"8412": "Friday December 12th at 8:00am - 10:30am",
"8413": "Thursday December 12th at 8:00am - 10:30am",
"8414": "Saturday December 14th at 5:00pm - 7:30pm",
"8415": "Thursday December 12th at 8:00am - 10:30am",
"8416": "Friday December 12th at 11:00am - 1:30am",
"8417": "Thursday December 12th at 5:00pm - 7:30pm",
"8418": "Friday December 12th at 2:00pm - 4:30pm",
"8419": "Thursday December 12th at 11:00am - 1:30am",
"8420": "Thursday December 12th at 2:00pm - 4:30pm",
"8421": "Saturday December 14th at 5:00pm - 7:30pm",
"8422": "Saturday December 14th at 2:00pm - 4:30pm",
"8423": "Wednesday December 11th at 5:00pm - 7:30pm",
"8424": "Wednesday December 11th at 11:00am - 1:30am",
"8425": "Friday December 12th at 8:00am - 10:30am",
"8974": "NA",
"8337": "Friday December 12th at 2:00pm - 4:30pm",
"8338": "Wednesday December 11th at 11:00am - 1:30am",
"8339": "Friday December 12th at 8:00am - 10:30am",
"8340": "Thursday December 12th at 11:00am - 1:30am",
"8341": "Thursday December 12th at 8:00am - 10:30am",
"8342": "Thursday December 12th at 2:00pm - 4:30pm",
"9113": "Friday December 12th at 11:00am - 1:30am",
"8343": "Monday December 16th at 8:00am - 10:30am",
"8344": "Saturday December 14th at 8:00am - 10:30am",
"8345": "Thursday December 12th at 8:00am - 10:30am",
"8346": "Monday December 16th at 8:00am - 10:30am",
"8347": "Saturday December 14th at 8:00am - 10:30am",
"8348": "Friday December 12th at 11:00am - 1:30am",
"8349": "Monday December 16th at 2:00pm - 4:30pm",
"8350": "Wednesday December 11th at 8:00am - 10:30am",
"8351": "Wednesday December 11th at 8:00am - 10:30am",
"8352": "Friday December 12th at 2:00pm - 4:30pm",
"8353": "Saturday December 14th at 5:00pm - 7:30pm",
"8354": "Wednesday December 11th at 11:00am - 1:30am",
"8355": "Wednesday December 11th at 11:00am - 1:30am",
"8356": "Thursday December 12th at 11:00am - 1:30am",
"8357": "Thursday December 12th at 11:00am - 1:30am",
"8358": "Friday December 12th at 2:00pm - 4:30pm",
"8359": "Monday December 16th at 2:00pm - 4:30pm",
"8360": "Thursday December 12th at 8:00am - 10:30am",
"8361": "Friday December 12th at 11:00am - 1:30am",
"8362": "Friday December 12th at 8:00am - 10:30am",
"8363": "Saturday December 14th at 5:00pm - 7:30pm",
"8364": "Friday December 12th at 8:00am - 10:30am",
"8365": "Wednesday December 11th at 8:00am - 10:30am",
"9086": "Saturday December 14th at 11:00am - 1:30am",
"8366": "Wednesday December 11th at 5:00pm - 7:30pm",
"8367": "Thursday December 12th at 2:00pm - 4:30pm",
"8368": "Monday December 16th at 11:00am - 1:30am",
"8369": "Friday December 12th at 2:00pm - 4:30pm",
"8370": "Thursday December 12th at 11:00am - 1:30am",
"8371": "Monday December 16th at 8:00am - 10:30am",
"8372": "Saturday December 14th at 8:00am - 10:30am",
"8373": "Wednesday December 11th at 8:00am - 10:30am",
"8374": "Saturday December 14th at 2:00pm - 4:30pm",
"8375": "Friday December 12th at 5:00pm - 7:30pm",
"8376": "Thursday December 12th at 5:00pm - 7:30pm",
"8377": "Saturday December 14th at 8:00am - 10:30am",
"8378": "Thursday December 12th at 11:00am - 1:30am",
"8379": "Friday December 12th at 5:00pm - 7:30pm",
"8380": "Wednesday December 11th at 11:00am - 1:30am",
"8381": "Friday December 12th at 2:00pm - 4:30pm",
"8382": "Thursday December 12th at 11:00am - 1:30am",
"8383": "Wednesday December 11th at 11:00am - 1:30am",
"8384": "Thursday December 12th at 8:00am - 10:30am",
"8385": "Friday December 12th at 11:00am - 1:30am",
"8386": "Friday December 12th at 8:00am - 10:30am",
"9332": "NA",
"9343": "NA",
"9358": "NA",
"8391": "NA",
"8393": "Friday December 12th at 8:00am - 10:30am",
"8387": "Friday December 12th at 5:00pm - 7:30pm",
"8388": "Saturday December 14th at 2:00pm - 4:30pm",
"8389": "Wednesday December 11th at 5:00pm - 7:30pm",
"8871": "Friday December 12th at 11:00am - 1:30am",
"8872": "Thursday December 12th at 2:00pm - 4:30pm",
"8873": "Wednesday December 11th at 8:00am - 10:30am",
"8874": "Monday December 16th at 11:00am - 1:30am",
"8875": "Friday December 12th at 5:00pm - 7:30pm",
"8876": "Wednesday December 11th at 8:00am - 10:30am",
"8877": "Wednesday December 11th at 2:00pm - 4:30pm",
"8878": "Friday December 12th at 5:00pm - 7:30pm",
"8879": "Thursday December 12th at 5:00pm - 7:30pm",
"8880": "Thursday December 12th at 8:00am - 10:30am",
"9288": "NA",
"8881": "Friday December 12th at 11:00am - 1:30am",
"8883": "Thursday December 12th at 8:00am - 10:30am",
"9133": "Thursday December 12th at 2:00pm - 4:30pm",
"9134": "Friday December 12th at 8:00am - 10:30am",
"8885": "Wednesday December 11th at 11:00am - 1:30am",
"8886": "Saturday December 14th at 2:00pm - 4:30pm",
"9283": "NA",
"9383": "NA",
"9264": "NA",
"9265": "NA",
"9266": "NA",
"9267": "NA",
"9269": "NA",
"9270": "NA",
"9271": "NA",
"9272": "NA",
"9305": "NA",
"9233": "NA",
"9341": "NA",
"9234": "NA",
"9235": "NA",
"9236": "NA",
"9237": "NA",
"8638": "Wednesday December 11th at 11:00am - 1:30am",
"9136": "Wednesday December 11th at 8:00am - 10:30am",
"9137": "Saturday December 14th at 8:00am - 10:30am",
"9138": "Friday December 12th at 11:00am - 1:30am",
"9139": "Thursday December 12th at 2:00pm - 4:30pm",
"8639": "Thursday December 12th at 8:00am - 10:30am",
"8640": "Thursday December 12th at 11:00am - 1:30am",
"8641": "Thursday December 12th at 8:00am - 10:30am",
"9208": "Friday December 12th at 11:00am - 1:30am",
"8976": "Thursday December 12th at 8:00am - 10:30am",
"8977": "Thursday December 12th at 2:00pm - 4:30pm",
"8642": "Thursday December 12th at 8:00am - 10:30am",
"8643": "Friday December 12th at 8:00am - 10:30am",
"8644": "Thursday December 12th at 8:00am - 10:30am",
"8645": "Thursday December 12th at 8:00am - 10:30am",
"8646": "Friday December 12th at 8:00am - 10:30am",
"8647": "Saturday December 14th at 8:00am - 10:30am",
"8648": "Wednesday December 11th at 8:00am - 10:30am",
"8649": "Friday December 12th at 11:00am - 1:30am",
"8650": "Thursday December 12th at 2:00pm - 4:30pm",
"8651": "Wednesday December 11th at 11:00am - 1:30am",
"8654": "Wednesday December 11th at 8:00am - 10:30am",
"8655": "Friday December 12th at 8:00am - 10:30am",
"9198": "NA",
"8657": "Thursday December 12th at 2:00pm - 4:30pm",
"8815": "Thursday December 12th at 8:00am - 10:30am",
"8816": "Friday December 12th at 8:00am - 10:30am",
"8817": "Wednesday December 11th at 5:00pm - 7:30pm",
"8821": "Saturday December 14th at 2:00pm - 4:30pm",
"8968": "Wednesday December 11th at 2:00pm - 4:30pm",
"8969": "Wednesday December 11th at 2:00pm - 4:30pm",
"9173": "Wednesday December 11th at 2:00pm - 4:30pm",
"8820": "Thursday December 12th at 5:00pm - 7:30pm",
"9350": "NA",
"8658": "Monday December 16th at 2:00pm - 4:30pm",
"8659": "Saturday December 14th at 8:00am - 10:30am",
"8660": "Friday December 12th at 2:00pm - 4:30pm",
"8661": "Thursday December 12th at 11:00am - 1:30am",
"8662": "Saturday December 14th at 8:00am - 10:30am",
"8663": "Friday December 12th at 2:00pm - 4:30pm",
"8664": "Monday December 16th at 11:00am - 1:30am",
"8665": "Friday December 12th at 8:00am - 10:30am",
"8675": "Thursday December 12th at 2:00pm - 4:30pm",
"8676": "Wednesday December 11th at 11:00am - 1:30am",
"8677": "Thursday December 12th at 5:00pm - 7:30pm",
"8678": "Thursday December 12th at 5:00pm - 7:30pm",
"8679": "Wednesday December 11th at 2:00pm - 4:30pm",
"8680": "Wednesday December 11th at 11:00am - 1:30am",
"9295": "Friday December 12th at 2:00pm - 4:30pm",
"8667": "Saturday December 14th at 8:00am - 10:30am",
"8668": "Monday December 16th at 8:00am - 10:30am",
"8669": "Saturday December 14th at 8:00am - 10:30am",
"8670": "Monday December 16th at 8:00am - 10:30am",
"8671": "Saturday December 14th at 8:00am - 10:30am",
"8672": "Thursday December 12th at 2:00pm - 4:30pm",
"8673": "Friday December 12th at 5:00pm - 7:30pm",
"8674": "Wednesday December 11th at 5:00pm - 7:30pm",
"8681": "Thursday December 12th at 8:00am - 10:30am",
"8682": "Friday December 12th at 11:00am - 1:30am",
"8683": "Thursday December 12th at 8:00am - 10:30am",
"8684": "Friday December 12th at 8:00am - 10:30am",
"8685": "Friday December 12th at 11:00am - 1:30am",
"8686": "Thursday December 12th at 8:00am - 10:30am",
"8687": "Wednesday December 11th at 2:00pm - 4:30pm",
"8688": "Wednesday December 11th at 11:00am - 1:30am",
"8689": "Friday December 12th at 8:00am - 10:30am",
"9122": "Wednesday December 11th at 5:00pm - 7:30pm",
"9323": "NA",
"8944": "Monday December 16th at 2:00pm - 4:30pm",
"9079": "NA",
"9080": "NA",
"9081": "NA",
"9010": "Friday December 12th at 11:00am - 1:30am",
"9012": "Friday December 12th at 8:00am - 10:30am",
"9013": "Friday December 12th at 8:00am - 10:30am",
"9014": "Thursday December 12th at 11:00am - 1:30am",
"9015": "Thursday December 12th at 8:00am - 10:30am",
"9016": "Friday December 12th at 8:00am - 10:30am",
"9082": "NA",
"9017": "Saturday December 14th at 8:00am - 10:30am",
"9018": "Saturday December 14th at 5:00pm - 7:30pm",
"9128": "Wednesday December 11th at 11:00am - 1:30am",
"9020": "Friday December 12th at 11:00am - 1:30am",
"9021": "Wednesday December 11th at 11:00am - 1:30am",
"9126": "Friday December 12th at 2:00pm - 4:30pm",
"9083": "NA",
"9084": "NA",
"9024": "Friday December 12th at 2:00pm - 4:30pm",
"9315": "NA",
"9127": "Thursday December 12th at 8:00am - 10:30am",
"9085": "NA",
"9289": "NA",
"9290": "NA",
"9291": "NA",
"9307": "NA",
"9308": "NA",
"9238": "NA",
"9239": "NA",
"9240": "NA",
"9241": "NA",
"9242": "NA",
"9243": "NA",
"9285": "Thursday December 12th at 11:00am - 1:30am",
"9342": "NA",
"9309": "NA",
"9244": "NA",
"9310": "NA",
"9245": "NA",
"9246": "NA",
"9247": "NA",
"9248": "NA",
"9250": "NA"
}
